<?xml version="1.0" encoding="utf-8"?>
<extension type="component" version="3.2.0" method="upgrade">
 
	<name>Job Applications</name>
	<!-- The following elements are optional and free of formatting constraints -->
	<creationDate>July 27, 2015</creationDate>
	<author>John Doe</author>

	<!--  The version string is recorded in the components table -->
	<version>0.0.1</version>
	<!-- The description is optional and defaults to the name -->
	
 
	<update> <!-- Runs on update; New since J2.5 -->
		<schemas>
			<schemapath type="mysql">sql/updates/mysql</schemapath>
		</schemas>
	</update>
 
	<!-- Site Main File Copy Section -->
	<!-- Note the folder attribute: This attribute describes the folder
		to copy FROM in the package to install therefore files copied
		in this section are copied from /site/ in the package -->
	<files folder="site">
		<filename>index.html</filename>
		<filename>jobApplications.php</filename>
	</files>
 
	<administration>
		<!-- Administration Menu Section -->
		<menu link='index.php?option=com_jobApplications'>Job Applications</menu>
		<!-- Administration Main File Copy Section -->
		<!-- Note the folder attribute: This attribute describes the folder
			to copy FROM in the package to install therefore files copied
			in this section are copied from /admin/ in the package -->
		<files folder="admin">
			<!-- Admin Main File Copy Section -->
			<filename>admin.jobApplications.php</filename>
			<filename>index.html</filename>
			<filename>jobApplications.php</filename>
			<filename>controller.php</filename>
			<folder>views</folder>
			<folder>models</folder> 
			<!-- SQL files section -->
			<folder>sql</folder>
		</files>
	</administration>
 
</extension>